epoch,accuracy,loss,val_accuracy,val_loss
0,0.8013036251068115,0.7494394183158875,0.8621848821640015,0.4860629141330719
