epoch,accuracy,loss,val_accuracy,val_loss
0,0.569335401058197,1.568663477897644,0.776150643825531,0.7907126545906067
