epoch,accuracy,loss,val_accuracy,val_loss
0,0.49746084213256836,1.4511967897415161,0.5630287528038025,1.1152088642120361
