epoch,accuracy,loss,val_accuracy,val_loss
0,0.626944363117218,1.3615604639053345,0.6817702651023865,1.0973507165908813
