epoch,accuracy,loss,val_accuracy,val_loss
0,0.6995236277580261,1.0901063680648804,0.7071742415428162,0.9127349853515625
