epoch,accuracy,loss,val_accuracy,val_loss
0,0.8050049543380737,0.6446532011032104,0.810435950756073,0.5610159635543823
1,0.8096299767494202,0.4774837791919708,0.8110964298248291,0.5489799976348877
