epoch,accuracy,loss,val_accuracy,val_loss
0,0.804922342300415,0.6379745602607727,0.8097754120826721,0.571212649345398
