epoch,accuracy,loss,val_accuracy,val_loss
0,0.6593548655509949,1.3693699836730957,0.6701030731201172,0.9887709617614746
