epoch,accuracy,loss,val_accuracy,val_loss
0,0.4863396883010864,1.5525468587875366,0.5628703236579895,1.0964587926864624
