epoch,T,L,Lr,Lc
0,,0.7439449429512024,0.740476131439209,0.003468644805252552
